{"authorDailyContributionsMap":{"ckcherry23":[{"date":"2022-01-16","commitResults":[{"hash":"c0ee4ec06daced2166991ac47e63e8ea5394d88d","isMergeCommit":false,"messageTitle":"Ignore .class files","messageBody":"","fileTypesAndContributionMap":{"gitignore":{"insertions":1,"deletions":0}}},{"hash":"d998b3f96b781af759aa03ffcc238fef9a9593e8","isMergeCommit":false,"messageTitle":"Customize chatbot name","messageBody":"","fileTypesAndContributionMap":{"java":{"insertions":13,"deletions":10}}},{"hash":"5aed520bff450757e04b106c61524c515ece6509","isMergeCommit":false,"messageTitle":"Echo commands or exit program","messageBody":"","tags":["Level-1"],"fileTypesAndContributionMap":{"java":{"insertions":18,"deletions":1}}},{"hash":"ebc06a33939722fc8e6bc71ca44e807d786b6fe1","isMergeCommit":false,"messageTitle":"Create class to run commands","messageBody":"","fileTypesAndContributionMap":{"java":{"insertions":24,"deletions":10}}}]},{"date":"2022-01-17","commitResults":[{"hash":"e21a1ed726a48f2a6ee86c7409741cb2eef11978","isMergeCommit":false,"messageTitle":"Correct capitalization of bye command","messageBody":"","fileTypesAndContributionMap":{"java":{"insertions":1,"deletions":1}}}]},{"date":"2022-01-18","commitResults":[{"hash":"3b3d743f3cd14ff06b7629fff0566029852c4544","isMergeCommit":false,"messageTitle":"Ignore empty commands","messageBody":"","fileTypesAndContributionMap":{"java":{"insertions":4,"deletions":2}}},{"hash":"8d2801c28e9ae7737a0cf0d8896ffbb65fb9d438","isMergeCommit":false,"messageTitle":"Add tasks to list","messageBody":"","fileTypesAndContributionMap":{"java":{"insertions":29,"deletions":6}}},{"hash":"06bdc4a8d1a5f152c2b4ab29b0a105f27d76ed0b","isMergeCommit":false,"messageTitle":"Show list of added items","messageBody":"","tags":["Level-2"],"fileTypesAndContributionMap":{"java":{"insertions":16,"deletions":4}}}]},{"date":"2022-01-19","commitResults":[{"hash":"203ae8e629fa1476f7af6afa500bcdb2bd366544","isMergeCommit":false,"messageTitle":"Mark/Unmark tasks as done in list","messageBody":"","tags":["Level-3"],"fileTypesAndContributionMap":{"java":{"insertions":47,"deletions":22}}},{"hash":"c6f5254dc6e4e45c3080f6d9dfe5fda3b94f29a1","isMergeCommit":false,"messageTitle":"Remove getDescription function","messageBody":"","fileTypesAndContributionMap":{"java":{"insertions":4,"deletions":8}}},{"hash":"74559bfeb8ba44d92441382eb450e4ea8071b8ae","isMergeCommit":false,"messageTitle":"Add todos, events and deadlines to task list","messageBody":"","tags":["Level-4"],"fileTypesAndContributionMap":{"java":{"insertions":74,"deletions":9}}},{"hash":"9d99e5450709707a0cb3ad03b3bb12af59da2580","isMergeCommit":false,"messageTitle":"Test greeting and exit","messageBody":"","fileTypesAndContributionMap":{"TXT":{"insertions":9,"deletions":6},"txt":{"insertions":1,"deletions":0},"java":{"insertions":3,"deletions":3},"bat":{"insertions":1,"deletions":1},"sh":{"insertions":1,"deletions":1}}},{"hash":"dc0f3a884fbbb7326d5056ec188b918756654432","isMergeCommit":false,"messageTitle":"Test adding tasks and marking as done","messageBody":"","tags":["A-TextUITesting"],"fileTypesAndContributionMap":{"TXT":{"insertions":39,"deletions":0},"txt":{"insertions":10,"deletions":0}}},{"hash":"5e2f39df52c0f5d2d0e53c88fe397488741aa495","isMergeCommit":false,"messageTitle":"Handle missing argument exceptions","messageBody":"","fileTypesAndContributionMap":{"java":{"insertions":45,"deletions":6}}},{"hash":"53ef140d96c4b313415f7058efcf277cd248d444","isMergeCommit":false,"messageTitle":"Test no argument commands","messageBody":"","tags":["Level-5"],"fileTypesAndContributionMap":{"TXT":{"insertions":17,"deletions":0},"txt":{"insertions":6,"deletions":0}}},{"hash":"6761178ff0beae0953188f635a35d6d30f7ba36f","isMergeCommit":false,"messageTitle":"Convert Task array to ArrayList","messageBody":"","fileTypesAndContributionMap":{"java":{"insertions":11,"deletions":8}}},{"hash":"1628dcfeb96920bc3b50116e4054ee5919cb0429","isMergeCommit":false,"messageTitle":"Delete items from task list","messageBody":"","fileTypesAndContributionMap":{"TXT":{"insertions":10,"deletions":0},"txt":{"insertions":3,"deletions":0}}},{"hash":"344ccc00b055f938a18d037e508c1951730b69d1","isMergeCommit":false,"messageTitle":"Delete items from task list","messageBody":"","tags":["Level-6"],"fileTypesAndContributionMap":{"TXT":{"insertions":10,"deletions":0},"txt":{"insertions":3,"deletions":0},"java":{"insertions":15,"deletions":0}}},{"hash":"f91aadcca52c23106e5713b5dbe62a7be7eb9b1a","isMergeCommit":true,"messageTitle":"Merge branch \u0027master\u0027 of https://github.com/ckcherry23/ip","messageBody":"","fileTypesAndContributionMap":{}}]},{"date":"2022-01-23","commitResults":[{"hash":"00b75155f8af27c4edc5b5bd75785801b7992d5c","isMergeCommit":false,"messageTitle":"Fix switch case formatting","messageBody":"","fileTypesAndContributionMap":{"java":{"insertions":45,"deletions":45}}},{"hash":"b7c17b65c67c17c1cc66a02f6e3c27d6851bc2f5","isMergeCommit":false,"messageTitle":"Close scanner on program exit","messageBody":"","fileTypesAndContributionMap":{"java":{"insertions":5,"deletions":4}}},{"hash":"c88e4678d30ccb66a5568f8d34082e7d03774961","isMergeCommit":false,"messageTitle":"Explicitly import scanner","messageBody":"","fileTypesAndContributionMap":{"java":{"insertions":2,"deletions":2}}}]},{"date":"2022-01-24","commitResults":[{"hash":"b719c9fe053b9bb9672b6c1d31843d948374b2b4","isMergeCommit":false,"messageTitle":"Create Tasks folder and refactor","messageBody":"","fileTypesAndContributionMap":{"java":{"insertions":9,"deletions":0}}},{"hash":"44b0c6eb9ec9ad0cdabbbb3da77db20b6719943f","isMergeCommit":false,"messageTitle":"Rename package to follow java conventions","messageBody":"","fileTypesAndContributionMap":{"java":{"insertions":8,"deletions":8}}}]},{"date":"2022-01-25","commitResults":[{"hash":"a0ade3c435b4f7fa08336ca84dfea4def5f5d09a","isMergeCommit":false,"messageTitle":"Fix space formatting","messageBody":"","fileTypesAndContributionMap":{"java":{"insertions":2,"deletions":2}}}]},{"date":"2022-01-28","commitResults":[{"hash":"2e7101b9f9d5cea98d2a2fb590262afbdb27e423","isMergeCommit":false,"messageTitle":"Create and open file for reading task list","messageBody":"","fileTypesAndContributionMap":{"txt":{"insertions":0,"deletions":0},"java":{"insertions":40,"deletions":0}}},{"hash":"b2004c54eb1459777842b98089124efbdeb844a2","isMergeCommit":false,"messageTitle":"Handle case of missing data directory","messageBody":"","fileTypesAndContributionMap":{"java":{"insertions":6,"deletions":1}}},{"hash":"cbb964b5d2751d20104a6ba9830c1ad74baef894","isMergeCommit":false,"messageTitle":"Ignore data directory","messageBody":"","fileTypesAndContributionMap":{"gitignore":{"insertions":1,"deletions":0}}},{"hash":"15c7ad84f011010605806ba695db98b97290defd","isMergeCommit":false,"messageTitle":"Save tasks on adding to list","messageBody":"","fileTypesAndContributionMap":{"txt":{"insertions":1,"deletions":0},"java":{"insertions":42,"deletions":4}}},{"hash":"399615209f77bbb0463ac63f69f319a410d57e05","isMergeCommit":false,"messageTitle":"Save all tasks before program exit","messageBody":"","fileTypesAndContributionMap":{"txt":{"insertions":3,"deletions":0},"java":{"insertions":14,"deletions":16}}}]},{"date":"2022-01-30","commitResults":[{"hash":"76bf45db7e01756f28e966dfd4f4f469224d13ee","isMergeCommit":false,"messageTitle":"Read saved tasks from file","messageBody":"","tags":["Level-7"],"fileTypesAndContributionMap":{"txt":{"insertions":5,"deletions":3},"java":{"insertions":30,"deletions":5}}},{"hash":"35abd7c6f89a78c3a3cb73d0ffd41e6affd6d6b1","isMergeCommit":false,"messageTitle":"Check validity of dates","messageBody":"","tags":["Level-8"],"fileTypesAndContributionMap":{"java":{"insertions":24,"deletions":8}}},{"hash":"70d9892b127007a46e7730a20cf0badc5aec546f","isMergeCommit":true,"messageTitle":"Merge branch \u0027branch-Level-7\u0027","messageBody":"","fileTypesAndContributionMap":{}},{"hash":"36be2f197c026441e6be795e6bf7c2c37217d39b","isMergeCommit":true,"messageTitle":"Merge branch \u0027branch-Level-8\u0027","messageBody":"","fileTypesAndContributionMap":{}}]},{"date":"2022-01-31","commitResults":[{"hash":"04c3b1b82daa61c9d4699fbc8a8c7b15df944a60","isMergeCommit":false,"messageTitle":"Format dates using util package","messageBody":"","fileTypesAndContributionMap":{"txt":{"insertions":0,"deletions":5},"TXT":{"insertions":5,"deletions":5},"java":{"insertions":43,"deletions":20}}},{"hash":"d3ca03fe7580fe01f9663ebcf27d3c9f3160529c","isMergeCommit":false,"messageTitle":"Handle IndexOutOfBoundsException for commands","messageBody":"","tags":["A-MoreOOP"],"fileTypesAndContributionMap":{"java":{"insertions":28,"deletions":16}}},{"hash":"1f94ee93a666ff3a52d69cfc45ce13b3db6e4221","isMergeCommit":false,"messageTitle":"Create heylo package","messageBody":"","tags":["A-Packages"],"fileTypesAndContributionMap":{"txt":{"insertions":2,"deletions":0},"TXT":{"insertions":15,"deletions":15},"java":{"insertions":21,"deletions":20},"bat":{"insertions":1,"deletions":1},"sh":{"insertions":1,"deletions":1}}}]},{"date":"2022-02-01","commitResults":[{"hash":"59d8511a2b548cccbc0dff837801672a8ecfddd7","isMergeCommit":false,"messageTitle":"Change folders in text-ui-test","messageBody":"","fileTypesAndContributionMap":{"bat":{"insertions":2,"deletions":2},"sh":{"insertions":2,"deletions":2}}},{"hash":"1b42162f9123a94776470166c0444b336d0a1f76","isMergeCommit":false,"messageTitle":"Test toString method of Todo","messageBody":"","fileTypesAndContributionMap":{"java":{"insertions":13,"deletions":0}}},{"hash":"9ef0705b5706a7639b64023146d9ca021c126897","isMergeCommit":false,"messageTitle":"Test toString method of Event","messageBody":"","fileTypesAndContributionMap":{"java":{"insertions":19,"deletions":0}}},{"hash":"e036db8353791035a78ef6aa8b050099eb14f8c4","isMergeCommit":false,"messageTitle":"Test toString method of Deadline","messageBody":"","tags":["A-JUnit"],"fileTypesAndContributionMap":{"java":{"insertions":19,"deletions":0}}},{"hash":"4373f34e58c063d660ad1badf3f9df09039fd7b3","isMergeCommit":false,"messageTitle":"Create JAR file for App","messageBody":"","tags":["A-Jar"],"fileTypesAndContributionMap":{"MF":{"insertions":3,"deletions":0}}},{"hash":"5418635262226eefec7aad45512d047c32ba88a0","isMergeCommit":false,"messageTitle":"Add javadocs for Main class","messageBody":"","fileTypesAndContributionMap":{"java":{"insertions":10,"deletions":1}}},{"hash":"445750086f6d8c9277e7b9117485a93725bcbad7","isMergeCommit":false,"messageTitle":"Add javadocs for Command class","messageBody":"","fileTypesAndContributionMap":{"java":{"insertions":11,"deletions":0}}},{"hash":"fd2933f70273472a7678471e6d3b476280583e1a","isMergeCommit":false,"messageTitle":"Add javadocs for FileReader class","messageBody":"","fileTypesAndContributionMap":{"java":{"insertions":7,"deletions":0}}},{"hash":"5af07e1f602e1e5b6be771e1037a19ffd8a47edd","isMergeCommit":false,"messageTitle":"Add javadocs for FileWriter class","messageBody":"","fileTypesAndContributionMap":{"java":{"insertions":7,"deletions":0}}},{"hash":"b7011b9db8f857d66fd4e1e23a414d4ff163651c","isMergeCommit":false,"messageTitle":"Add javadocs for Deadline class","messageBody":"","fileTypesAndContributionMap":{"java":{"insertions":12,"deletions":0}}},{"hash":"fb6c9eb734bc71264df74f7f2fbc2b1063dbc985","isMergeCommit":false,"messageTitle":"Add javadocs for Event class","messageBody":"","fileTypesAndContributionMap":{"java":{"insertions":12,"deletions":0}}},{"hash":"f7a46cde0c63528737c8a88abae46216306bbc98","isMergeCommit":false,"messageTitle":"Add javadocs for Task class","messageBody":"","fileTypesAndContributionMap":{"java":{"insertions":45,"deletions":1}}},{"hash":"179ca9d1d93089eba0ab32dcca995afbceb0137a","isMergeCommit":false,"messageTitle":"Add javadocs for Todo class","messageBody":"","fileTypesAndContributionMap":{"java":{"insertions":12,"deletions":0}}},{"hash":"b0c8510d30b06df82d98e79243b2bd50cd704958","isMergeCommit":false,"messageTitle":"Add javadocs for DateFormatter class","messageBody":"","tags":["A-JavaDoc"],"fileTypesAndContributionMap":{"java":{"insertions":8,"deletions":0}}},{"hash":"0e0b7e2b067685a4f6a199555b36396aa3d12430","isMergeCommit":false,"messageTitle":"Format code to follow coding standard","messageBody":"","tags":["A-CodingStandard"],"fileTypesAndContributionMap":{"java":{"insertions":8,"deletions":8}}},{"hash":"9b67fba81ab7638a5a9b44207418cc1046cd4792","isMergeCommit":false,"messageTitle":"Find substrings in task list","messageBody":"","tags":["Level-9"],"fileTypesAndContributionMap":{"txt":{"insertions":0,"deletions":1},"java":{"insertions":43,"deletions":7}}},{"hash":"7a39f8096ab31834c9e2f10f7d3321fc9cb7305e","isMergeCommit":true,"messageTitle":"Merge branch \u0027branch-A-JavaDoc\u0027","messageBody":"","fileTypesAndContributionMap":{}},{"hash":"bd5a3f45a71bf0393af38d4784b5b7a499c91d1a","isMergeCommit":true,"messageTitle":"Merge branch \u0027branch-A-CodingStandard\u0027","messageBody":"","fileTypesAndContributionMap":{}},{"hash":"e839c21a394ce6fc386c1ea0ac2d49e62f149280","isMergeCommit":true,"messageTitle":"Merge branch \u0027branch-Level-9\u0027","messageBody":"","fileTypesAndContributionMap":{}},{"hash":"c851d4b980f58ceea72455f0cefb798d52e83936","isMergeCommit":false,"messageTitle":"Fix new line formatting","messageBody":"","fileTypesAndContributionMap":{"java":{"insertions":33,"deletions":13}}}]},{"date":"2022-02-04","commitResults":[{"hash":"1b97eb5d1018b376b33db6fbdefde8da43623083","isMergeCommit":true,"messageTitle":"Merge branch \u0027add-gradle-support\u0027 into branch-A-Gradle","messageBody":"","fileTypesAndContributionMap":{}},{"hash":"3eb643bb7ee4651e48b7f2798d778647d4ba695f","isMergeCommit":true,"messageTitle":"Merge branch \u0027branch-A-Gradle\u0027","messageBody":"","tags":["A-Gradle"],"fileTypesAndContributionMap":{}},{"hash":"647833503b17c7082ac48df570f8fe6f14a27067","isMergeCommit":false,"messageTitle":"Fix issues from checkstyleMain","messageBody":"","fileTypesAndContributionMap":{"txt":{"insertions":0,"deletions":1},"java":{"insertions":43,"deletions":28},"xml":{"insertions":413,"deletions":0}}},{"hash":"71d0b1cfa18cc7510709ff2cf073ad5eb2c94893","isMergeCommit":false,"messageTitle":"Fix issues from checkstyleTest","messageBody":"","tags":["A-CheckStyle"],"fileTypesAndContributionMap":{"java":{"insertions":7,"deletions":7}}}]},{"date":"2022-02-07","commitResults":[{"hash":"d3f5c2708ab4ad6add12350b8af5add6a0390e39","isMergeCommit":false,"messageTitle":"Rename class name in build.gradle","messageBody":"","fileTypesAndContributionMap":{"gradle":{"insertions":1,"deletions":1},"txt":{"insertions":2,"deletions":0}}}]},{"date":"2022-02-10","commitResults":[{"hash":"6deebd24be5c5005e03db67cc8b27bba9c62a493","isMergeCommit":false,"messageTitle":"Follow SLAP in Main class","messageBody":"","fileTypesAndContributionMap":{"java":{"insertions":14,"deletions":11}}},{"hash":"9e1ddfeaaf4cd2dfafb5ecb64791f7e3f9c27330","isMergeCommit":false,"messageTitle":"Simplify toString method of tasks","messageBody":"","fileTypesAndContributionMap":{"java":{"insertions":8,"deletions":3}}},{"hash":"ec3fe9be51f63f9ad45cd7258470141f83167cff","isMergeCommit":false,"messageTitle":"Simplify strings printed in Task","messageBody":"","fileTypesAndContributionMap":{"java":{"insertions":2,"deletions":1}}},{"hash":"8f0928049bf73a43cb32e5bdbae6193c91db9428","isMergeCommit":false,"messageTitle":"Remove deep nesting","messageBody":"","fileTypesAndContributionMap":{"java":{"insertions":14,"deletions":7}}},{"hash":"2aebd78702aa96579c1b6028039c128aed38af01","isMergeCommit":true,"messageTitle":"Merge pull request #1 from ckcherry23/branch-A-CodeQuality","messageBody":"Follow code quality standards","tags":["A-CodeQuality"],"fileTypesAndContributionMap":{}},{"hash":"a5e1d9228309f7afb9a000a0ba7fc9418dfe9ecf","isMergeCommit":false,"messageTitle":"Fix indexOutOfBounds bug due to regressions","messageBody":"While improving code quality, some boolean statements were extracted\nout.\n\nThis led to the length of a field being checked before checking for\nits existence.\n\nDefining the length checking boolean field in the smallest possible\nscope removes this bug.\n\nLet\u0027s move the boolean field to the inner if statement to fix the bug.\n\nThis will help us maintain bug-free code.\n","tags":["A-FullCommitMessage"],"fileTypesAndContributionMap":{"txt":{"insertions":0,"deletions":2},"java":{"insertions":3,"deletions":6}}}]},{"date":"2022-02-12","commitResults":[{"hash":"259cc8cfb6364dec78608c8fdfb750a3b04f306a","isMergeCommit":false,"messageTitle":"Create FXML files from JavaFX tut part 4","messageBody":"","fileTypesAndContributionMap":{"fxml":{"insertions":39,"deletions":0}}},{"hash":"28d1d0432f060cdcd55d9fb30d9bd8b834824a9d","isMergeCommit":false,"messageTitle":"Update build.gradle with javafx dependencies","messageBody":"","fileTypesAndContributionMap":{"gradle":{"insertions":17,"deletions":0}}},{"hash":"9f50c641a1008621d9639ae14c7d5f748f94435e","isMergeCommit":false,"messageTitle":"Add images for chatbot","messageBody":"","fileTypesAndContributionMap":{"fxml":{"insertions":0,"deletions":4}}}]},{"date":"2022-02-14","commitResults":[{"hash":"f74b358a9fefcee3bc283ba3efc861ef9dd3a286","isMergeCommit":false,"messageTitle":"Create GUI for the Heylo chatbot","messageBody":"The current implementation uses a CLI-based chatbot program\nwithout any user interface.\n\nLet\u0027s modify the application to include a graphical user interface\n(GUI) that the user can interact with.\n\nThis will make the Heylo chatbot more user-friendly.\n","fileTypesAndContributionMap":{"gradle":{"insertions":7,"deletions":1},"txt":{"insertions":10,"deletions":0},"fxml":{"insertions":16,"deletions":9},"java":{"insertions":326,"deletions":89}}},{"hash":"a214b286630b08d9208327673cee2eb0fde4c715","isMergeCommit":true,"messageTitle":"Merge branch \u0027branch-Level-10\u0027","messageBody":"","tags":["Level-10"],"fileTypesAndContributionMap":{}},{"hash":"0b96c28e5fc7c88c57374074e6428716a1315d4f","isMergeCommit":false,"messageTitle":"Fix import ordering","messageBody":"","fileTypesAndContributionMap":{"java":{"insertions":5,"deletions":5}}},{"hash":"db97af5ae8403743d81f704f25ddd1bf25809c7c","isMergeCommit":false,"messageTitle":"Add assertions in Command class","messageBody":"","fileTypesAndContributionMap":{"txt":{"insertions":1,"deletions":0},"java":{"insertions":8,"deletions":0}}},{"hash":"5711b6c3c61d3d2e55507283108d0d4a0a8172d4","isMergeCommit":false,"messageTitle":"Add assertions in Task class","messageBody":"","fileTypesAndContributionMap":{"java":{"insertions":15,"deletions":8}}},{"hash":"69ef783c9bde3059bdd36a1368794e20c6435356","isMergeCommit":true,"messageTitle":"Merge pull request #3 from ckcherry23/branch-A-Assertions","messageBody":"Add assertions to code","tags":["A-Assertions"],"fileTypesAndContributionMap":{}},{"hash":"193056c1719301b46fc25835091170ee1315bc8e","isMergeCommit":false,"messageTitle":"Add priority level to tasks in list","messageBody":"Let\u0027s allow users to add priority levels among:\n* NONE\n* LOW\n* MEDIUM\n* HIGH\nto their tasks in the list.\n\nThis makes the chatbot more user-friendly.\n","fileTypesAndContributionMap":{"txt":{"insertions":14,"deletions":11},"java":{"insertions":85,"deletions":3}}},{"hash":"ff4e2fac88b73c7526f623f67e84d95f5eb3ad81","isMergeCommit":true,"messageTitle":"Merge pull request #4 from ckcherry23/branch-C-Priority","messageBody":"Add priority level to tasks in list","tags":["C-Priority","BCD-Extension"],"fileTypesAndContributionMap":{}},{"hash":"1c6a95c631a8586c6f1cf46d804653f2353a3fbe","isMergeCommit":false,"messageTitle":"Add Ui.png","messageBody":"","fileTypesAndContributionMap":{"txt":{"insertions":5,"deletions":14},"fxml":{"insertions":4,"deletions":4},"java":{"insertions":5,"deletions":5}}},{"hash":"5ffa5d5ef91ca6b9206d814c2dbbdb2e53c58745","isMergeCommit":false,"messageTitle":"Set theme jekyll-theme-tactile","messageBody":"","fileTypesAndContributionMap":{"yml":{"insertions":1,"deletions":0}}},{"hash":"ac2528a6484f47af6b2f288289f7639d6b1b7a41","isMergeCommit":false,"messageTitle":"Remove stylized logo comment","messageBody":"","fileTypesAndContributionMap":{"java":{"insertions":0,"deletions":9}}}]},{"date":"2022-02-15","commitResults":[{"hash":"7da550fefe53c452f773ceba78db45d7eacdbe8e","isMergeCommit":true,"messageTitle":"Merge branch \u0027master\u0027 of https://github.com/ckcherry23/ip","messageBody":"","fileTypesAndContributionMap":{}}]},{"date":"2022-02-18","commitResults":[{"hash":"3bb761e916a16a06452412e7d4f136c6e41d1693","isMergeCommit":false,"messageTitle":"Add user guide","messageBody":"","tags":["A-UserGuide"],"fileTypesAndContributionMap":{"md":{"insertions":234,"deletions":14}}},{"hash":"0960266ff1c1755ca0e1cc7fc7c22486835e3357","isMergeCommit":false,"messageTitle":"Set theme jekyll-theme-slate","messageBody":"","fileTypesAndContributionMap":{"yml":{"insertions":1,"deletions":1}}},{"hash":"a3dc46e27f85d71a0e889e349478eeea23455765","isMergeCommit":false,"messageTitle":"Add divider after FAQ in user guide","messageBody":"","fileTypesAndContributionMap":{"md":{"insertions":1,"deletions":0}}},{"hash":"9e229413b3e4b6c86ca777fea5cb6f68b7740b8f","isMergeCommit":true,"messageTitle":"Merge branch \u0027master\u0027 of https://github.com/ckcherry23/ip","messageBody":"","tags":["A-Release"],"fileTypesAndContributionMap":{}},{"hash":"b1125857c29a3bc24248a2a6deea8dfba666b4f9","isMergeCommit":false,"messageTitle":"Update README.md","messageBody":"","fileTypesAndContributionMap":{"md":{"insertions":1,"deletions":1}}}]},{"date":"2022-02-24","commitResults":[{"hash":"0aa55a6205619faa346eef580e9188fbbdb67d5e","isMergeCommit":false,"messageTitle":"Test run command function","messageBody":"","fileTypesAndContributionMap":{"gradle":{"insertions":1,"deletions":1},"java":{"insertions":57,"deletions":5}}},{"hash":"085d32913a0ad2fd55605bb456835116b5c1def6","isMergeCommit":true,"messageTitle":"Merge branch \u0027master\u0027 of https://github.com/ckcherry23/ip","messageBody":"","fileTypesAndContributionMap":{}},{"hash":"4db16f17033d251f5899329f7e0b2185891cafc6","isMergeCommit":false,"messageTitle":"Update user guide","messageBody":"","fileTypesAndContributionMap":{"md":{"insertions":32,"deletions":95}}},{"hash":"301db97207f5556c83224d7699c479fdfbb4adc9","isMergeCommit":false,"messageTitle":"Remove FAQ","messageBody":"","fileTypesAndContributionMap":{"md":{"insertions":0,"deletions":9}}},{"hash":"fa6a655070d6437877ca8fc4df759410707adfe2","isMergeCommit":false,"messageTitle":"Add table of contents to user guide","messageBody":"","fileTypesAndContributionMap":{"md":{"insertions":19,"deletions":1}}},{"hash":"cdcd9ca24adce915b594d3f40483b117f5398697","isMergeCommit":false,"messageTitle":"User Guide: Fix toc links","messageBody":"","fileTypesAndContributionMap":{"md":{"insertions":5,"deletions":5}}},{"hash":"f599001be57522b4e05d38d0b8fb61cdb4300fb5","isMergeCommit":false,"messageTitle":"User Guide: Add examples for command usage","messageBody":"","tags":["A-Update"],"fileTypesAndContributionMap":{"md":{"insertions":36,"deletions":14}}},{"hash":"102671582f87c3c9d7932ec1654dd4f5d062ae84","isMergeCommit":false,"messageTitle":"User Guide: Add examples for command usage","messageBody":"","fileTypesAndContributionMap":{"md":{"insertions":36,"deletions":14}}},{"hash":"c1e84d932a8444a2de5fe869a6d99c439cf4b831","isMergeCommit":false,"messageTitle":"Change main class name in build.gradle","messageBody":"","fileTypesAndContributionMap":{"gradle":{"insertions":1,"deletions":1}}}]},{"date":"2022-02-25","commitResults":[{"hash":"17792c0221f472bfe2b8180c403030163267ec60","isMergeCommit":true,"messageTitle":"Merge branch \u0027master\u0027 of https://github.com/ckcherry23/ip","messageBody":"","fileTypesAndContributionMap":{}}]}]},"authorFileTypeContributionMap":{"ckcherry23":{"gitignore":2,"gradle":25,"xml":413,"txt":26,"md":200,"yml":1,"MF":3,"java":1025,"fxml":42,"TXT":75,"bat":3,"sh":3}},"authorContributionVariance":{"ckcherry23":5406.264},"authorDisplayNameMap":{"ckcherry23":"Jane Doe"}}
