{"repoSenseVersion":"62f3d54201","reportGeneratedTime":"Wed May 15 16:20:08 2024 UTC","reportGenerationTime":" 59.89 second(s)","zoneId":"Etc/UTC","reportTitle":"Jane Doe\u0027s Code Portfolio","repos":[{"location":{"location":"https://github.com/reposense/Reposense.git","repoName":"Reposense","organization":"reposense","domainName":"github"},"branch":"master","displayName":"reposense/Reposense[master]","outputFolderName":"reposense_Reposense_master"},{"location":{"location":"https://github.com/ckcherry23/ip.git","repoName":"ip","organization":"ckcherry23","domainName":"github"},"branch":"master","displayName":"ckcherry23/ip[master]","outputFolderName":"ckcherry23_ip_master"},{"location":{"location":"https://github.com/AY2122S2-CS2103T-W12-4/tp.git","repoName":"tp","organization":"AY2122S2-CS2103T-W12-4","domainName":"github"},"branch":"master","displayName":"AY2122S2-CS2103T-W12-4/tp[master]","outputFolderName":"AY2122S2-CS2103T-W12-4_tp_master"},{"location":{"location":"https://github.com/date-fns/date-fns.git","repoName":"date-fns","organization":"date-fns","domainName":"github"},"branch":"main","displayName":"date-fns/date-fns[main]","outputFolderName":"date-fns_date-fns_main"}],"errorSet":[],"sinceDate":"2021-08-01","untilDate":"2024-05-15","isSinceDateProvided":true,"isUntilDateProvided":false,"supportedDomainUrlMap":{"NOT_RECOGNIZED":{"BRANCH":"","REPO_URL":"UNSUPPORTED","BASE_URL":"UNSUPPORTED","HISTORY_PATH":"","COMMIT_PATH":"","BLAME_PATH":""},"github":{"BRANCH":"tree/$BRANCH","REPO_URL":"https://github.com/$ORGANIZATION/$REPO_NAME/","BASE_URL":"https://github.com/","HISTORY_PATH":"commits/$BRANCH/$FILE_PATH","COMMIT_PATH":"commit/$COMMIT_HASH","BLAME_PATH":"blame/$BRANCH/$FILE_PATH"}},"isAuthorshipAnalyzed":false,"blurbs":{"urlBlurbMap":{"https://github.com/date-fns/date-fns/tree/main":"## date-fns\n\ndate-fns (available at [https://date-fns.org](https://date-fns.org)) is a modern TypeScript date utility library. It is an OSS project founded in 2014. It provides s comprehensive, yet simple and consistent toolset for manipulating JavaScript dates in a browser \u0026 Node.js.\n\n**My contributions:**\n\n* Authored PR [Add alias formatDate for format function #3653](https://github.com/date-fns/date-fns/pull/3653)\n* Authored PR [Add aliases to functions in typedoc #216](https://github.com/date-fns/date-fns.org/pull/216)\n* Created issue [Blockstyle quotes not readable in light mode #217](https://github.com/date-fns/date-fns.org/issues/217)\n* Reviewed PR [Add alias isExisting for isExists #3673](https://github.com/date-fns/date-fns/pull/3673)\n* Submitted proposal [Proposal to improve Duration support](https://gist.github.com/ckcherry23/e7641d65122259c699b2e1437f33d4c9), [Discussion comment](https://github.com/orgs/date-fns/discussions/3666#discussioncomment-8341732)\n* Contributed to discussion [Formatting duration options #3693](https://github.com/orgs/date-fns/discussions/3693)\n* Reviewed PR [feat: add parseISODuration #3151](https://github.com/date-fns/date-fns/pull/3151)\n* Suggested improvements ExtendedDuration and [Temporal proposal](https://tc39.es/proposal-temporal/docs/duration.html)\n* Authored PR [Add parseISODuration function #3768](https://github.com/date-fns/date-fns/pull/3768)","https://github.com/ckcherry23/ip/tree/master":"## Heylo\n\n\u003cimg style\u003d\"float: left;\" src\u003d\"https://ckcherry23.github.io/ip/Ui.png\" height\u003d\"400\" /\u003e\n\nHeylo is a chatbot-like desktop application for keeping track of tasks. The project is mainly Java based, with front-end using JavaFX. See [here](https://ckcherry23.github.io/ip/) for the Heylo User Guide.\u003cbr\u003e\nTools used: Java, JavaFX, JUnit, Gradle\n\n**My role:** This is an individual project that I did for a Software Engineering course at [NUS, SoC](https://www.comp.nus.edu.sg/).","https://github.com/AY2122S2-CS2103T-W12-4/tp/tree/master":"## Reache\n\n\u003cimg style\u003d\"float: right;\" src\u003d\"https://ay2122s2-cs2103t-w12-4.github.io/tp/images/Ui.png\" height\u003d\"300\" /\u003e\n\nReache is a CLI-focused desktop app for managing a large list of contacts. It provides an easy-to-use interface to store contacts and organize meetings. See [here](https://ay2122s2-cs2103t-w12-4.github.io/tp) for the Reache product website.\u003cbr\u003e\nTools used: Java, JavaFX, JUnit, Gradle, Codecov, Checkstyle, Jekyll, PlantUML\n\n**My role:** This is a team project that I (with 4 other classmates) did for a Software Engineering course at [NUS, SoC](https://www.comp.nus.edu.sg/). I contributed to all parts of the product, and all aspects of the project. Some notable pull requests:\n\n* Feature implementations: [Duplicate contacts warning](https://github.com/AY2122S2-CS2103T-W12-4/tp/pull/96) | [Clear confirmation](https://github.com/AY2122S2-CS2103T-W12-4/tp/pull/82)\n* Test code: [Update tests for new features](https://github.com/AY2122S2-CS2103T-W12-4/tp/pull/46) | [Fix failing tests](https://github.com/AY2122S2-CS2103T-W12-4/tp/pull/117)\n* Documentation: [Updates to Developer Guide](https://github.com/AY2122S2-CS2103T-W12-4/tp/pull/265) | [Updates to User Guide](https://github.com/AY2122S2-CS2103T-W12-4/tp/pull/155)","https://github.com/reposense/Reposense/tree/master":"## RepoSense\n\n**Project overview:** [RepoSense](https://https://reposense.org/) is a tool for visualizing programmer activities across Git repositories. It is an OSS project, founded in 2017.\u003cbr\u003e\nTools used: Java, Javascript, HTML, CSS, Vue, Gradle\n\n**My role:** I am a [core team member since 2022](https://reposense.org/about.html). I have contributed to both front-end (Vue) and backend (Java) development.\u003cbr\u003e\nNotable features I contributed: [#1877 Show merge commits in the report](https://github.com/reposense/RepoSense/pull/1882) | [#1865 Pin file title on scroll in the Code Panel](https://github.com/reposense/RepoSense/pull/1860) | [#1877 Show merge commits in the report](https://github.com/reposense/RepoSense/pull/1882)"}}}
