[{"path":"docs/about.md","fileType":"md","lines":[{"lineNumber":1,"author":{"gitId":"-"},"content":"{% set title \u003d \"About us\" %}","isFullCredit":false},{"lineNumber":2,"author":{"gitId":"-"},"content":"\u003cfrontmatter\u003e","isFullCredit":false},{"lineNumber":3,"author":{"gitId":"-"},"content":"  title: \"{{ title | safe }}\"","isFullCredit":false},{"lineNumber":4,"author":{"gitId":"-"},"content":"\u003c/frontmatter\u003e","isFullCredit":false},{"lineNumber":5,"author":{"gitId":"-"},"content":"","isFullCredit":false},{"lineNumber":6,"author":{"gitId":"-"},"content":"\u003ch1 class\u003d\"display-3\"\u003e\u003cmd\u003e{{ title }}\u003c/md\u003e\u003c/h1\u003e","isFullCredit":false},{"lineNumber":7,"author":{"gitId":"-"},"content":"","isFullCredit":false},{"lineNumber":8,"author":{"gitId":"-"},"content":"RepoSense is a project based in the [National University of Singapore, School of Computing](http://www.comp.nus.edu.sg/), funded by a _Teaching Enhancement Grant_ from the [NUS Center for Development of Teaching and Learning](https://nus.edu.sg/cdtl).","isFullCredit":false},{"lineNumber":9,"author":{"gitId":"-"},"content":"","isFullCredit":false},{"lineNumber":10,"author":{"gitId":"-"},"content":"\u003c!-- \u003d\u003d\u003d\u003d\u003d\u003d\u003d\u003d\u003d\u003d\u003d\u003d\u003d\u003d\u003d\u003d\u003d\u003d\u003d\u003d\u003d\u003d\u003d\u003d\u003d\u003d\u003d\u003d\u003d\u003d\u003d\u003d\u003d\u003d\u003d\u003d\u003d\u003d\u003d\u003d\u003d\u003d\u003d\u003d\u003d\u003d\u003d\u003d\u003d\u003d\u003d\u003d\u003d\u003d\u003d\u003d\u003d\u003d\u003d\u003d\u003d\u003d\u003d\u003d\u003d\u003d\u003d\u003d\u003d\u003d\u003d\u003d\u003d\u003d\u003d\u003d\u003d\u003d\u003d\u003d\u003d\u003d\u003d\u003d\u003d\u003d\u003d\u003d\u003d\u003d\u003d\u003d\u003d\u003d\u003d\u003d\u003d\u003d\u003d\u003d --\u003e","isFullCredit":false},{"lineNumber":11,"author":{"gitId":"-"},"content":"","isFullCredit":false},{"lineNumber":12,"author":{"gitId":"-"},"content":"## Current team","isFullCredit":false},{"lineNumber":13,"author":{"gitId":"-"},"content":"","isFullCredit":false},{"lineNumber":14,"author":{"gitId":"-"},"content":"### [Damith C. Rajapakse](http://www.comp.nus.edu.sg/~damithch)","isFullCredit":false},{"lineNumber":15,"author":{"gitId":"-"},"content":"![](https://avatars.githubusercontent.com/u/1673303?s\u003d150\u0026v\u003d4)\u003cbr/\u003e","isFullCredit":false},{"lineNumber":16,"author":{"gitId":"-"},"content":"**Role**: Project Advisor","isFullCredit":false},{"lineNumber":17,"author":{"gitId":"-"},"content":"","isFullCredit":false},{"lineNumber":18,"author":{"gitId":"-"},"content":"\u003c!-- ------------------------------------------------------------------------------------------------------ --\u003e","isFullCredit":false},{"lineNumber":19,"author":{"gitId":"-"},"content":"","isFullCredit":false},{"lineNumber":20,"author":{"gitId":"-"},"content":"### [Charisma Kausar](https://www.github.com/ckcherry23)","isFullCredit":false},{"lineNumber":21,"author":{"gitId":"-"},"content":"**Role**: Senior Developer [2024 January - ]\u003cbr/\u003e","isFullCredit":false},{"lineNumber":22,"author":{"gitId":"-"},"content":"Contributor [2022 December - 2024 January]\u003cbr/\u003e","isFullCredit":false},{"lineNumber":23,"author":{"gitId":"-"},"content":"","isFullCredit":false},{"lineNumber":24,"author":{"gitId":"-"},"content":"\u003c!-- ------------------------------------------------------------------------------------------------------ --\u003e","isFullCredit":false},{"lineNumber":25,"author":{"gitId":"-"},"content":"","isFullCredit":false},{"lineNumber":26,"author":{"gitId":"-"},"content":"### [David Gareth Ong](https://www.github.com/vvidday)","isFullCredit":false},{"lineNumber":27,"author":{"gitId":"-"},"content":"**Role**: Senior Developer [2024 January - ]\u003cbr/\u003e","isFullCredit":false},{"lineNumber":28,"author":{"gitId":"-"},"content":"Contributor [2023 January - 2024 January]\u003cbr/\u003e","isFullCredit":false},{"lineNumber":29,"author":{"gitId":"-"},"content":"","isFullCredit":false},{"lineNumber":30,"author":{"gitId":"-"},"content":"\u003c!-- ------------------------------------------------------------------------------------------------------ --\u003e","isFullCredit":false},{"lineNumber":31,"author":{"gitId":"-"},"content":"","isFullCredit":false},{"lineNumber":32,"author":{"gitId":"-"},"content":"### [Gokul Rajiv](https://github.com/gok99)","isFullCredit":false},{"lineNumber":33,"author":{"gitId":"-"},"content":"**Role**: Senior Developer [2024 January - ]\u003cbr/\u003e","isFullCredit":false},{"lineNumber":34,"author":{"gitId":"-"},"content":"Contributor [2022 January - 2024 January]\u003cbr/\u003e","isFullCredit":false},{"lineNumber":35,"author":{"gitId":"-"},"content":"","isFullCredit":false},{"lineNumber":36,"author":{"gitId":"-"},"content":"\u003c!-- ------------------------------------------------------------------------------------------------------ --\u003e","isFullCredit":false},{"lineNumber":37,"author":{"gitId":"-"},"content":"","isFullCredit":false},{"lineNumber":38,"author":{"gitId":"-"},"content":"### [Marcus Tang Xin Kye](https://www.github.com/MarcusTXK)","isFullCredit":false},{"lineNumber":39,"author":{"gitId":"-"},"content":"**Role**: Senior Developer [2024 January - ]\u003cbr/\u003e","isFullCredit":false},{"lineNumber":40,"author":{"gitId":"-"},"content":"Contributor [2023 January - 2024 January]\u003cbr/\u003e","isFullCredit":false},{"lineNumber":41,"author":{"gitId":"-"},"content":"","isFullCredit":false},{"lineNumber":42,"author":{"gitId":"-"},"content":"\u003c!-- ------------------------------------------------------------------------------------------------------ --\u003e","isFullCredit":false},{"lineNumber":43,"author":{"gitId":"-"},"content":"","isFullCredit":false},{"lineNumber":44,"author":{"gitId":"-"},"content":"## [Chang Si Kai](https://github.com/sikai00)","isFullCredit":false},{"lineNumber":45,"author":{"gitId":"-"},"content":"**Role**: Contributor [2023 Jan - ]\u003cbr/\u003e","isFullCredit":false},{"lineNumber":46,"author":{"gitId":"-"},"content":"","isFullCredit":false},{"lineNumber":47,"author":{"gitId":"-"},"content":"\u003c!-- ------------------------------------------------------------------------------------------------------ --\u003e","isFullCredit":false},{"lineNumber":48,"author":{"gitId":"-"},"content":"","isFullCredit":false},{"lineNumber":49,"author":{"gitId":"-"},"content":"### [Alvis Ng](https://www.github.com/supermii2)","isFullCredit":false},{"lineNumber":50,"author":{"gitId":"-"},"content":"**Role**: Contributor [2024 January - ]\u003cbr/\u003e","isFullCredit":false},{"lineNumber":51,"author":{"gitId":"-"},"content":"","isFullCredit":false},{"lineNumber":52,"author":{"gitId":"-"},"content":"\u003c!-- ------------------------------------------------------------------------------------------------------ --\u003e","isFullCredit":false},{"lineNumber":53,"author":{"gitId":"-"},"content":"","isFullCredit":false},{"lineNumber":54,"author":{"gitId":"-"},"content":"### [George Tay Quan Yao](https://www.github.com/jonasongg)","isFullCredit":false},{"lineNumber":55,"author":{"gitId":"-"},"content":"**Role**: Contributor [2024 January - ]\u003cbr/\u003e","isFullCredit":false},{"lineNumber":56,"author":{"gitId":"-"},"content":"","isFullCredit":false},{"lineNumber":57,"author":{"gitId":"-"},"content":"\u003c!-- ------------------------------------------------------------------------------------------------------ --\u003e","isFullCredit":false},{"lineNumber":58,"author":{"gitId":"-"},"content":"","isFullCredit":false},{"lineNumber":59,"author":{"gitId":"-"},"content":"### [Jonas Ong Si Wei](https://www.github.com/jonasongg)","isFullCredit":false},{"lineNumber":60,"author":{"gitId":"-"},"content":"**Role**: Contributor [2024 January - ]\u003cbr/\u003e","isFullCredit":false},{"lineNumber":61,"author":{"gitId":"-"},"content":"","isFullCredit":false},{"lineNumber":62,"author":{"gitId":"-"},"content":"\u003c!-- ------------------------------------------------------------------------------------------------------ --\u003e","isFullCredit":false},{"lineNumber":63,"author":{"gitId":"-"},"content":"","isFullCredit":false},{"lineNumber":64,"author":{"gitId":"-"},"content":"### [Poon Yip Hang, Ryan](https://www.github.com/sopa301)","isFullCredit":false},{"lineNumber":65,"author":{"gitId":"-"},"content":"**Role**: Contributor [2024 January - ]\u003cbr/\u003e","isFullCredit":false},{"lineNumber":66,"author":{"gitId":"-"},"content":"","isFullCredit":false},{"lineNumber":67,"author":{"gitId":"-"},"content":"\u003c!-- ------------------------------------------------------------------------------------------------------ --\u003e","isFullCredit":false},{"lineNumber":68,"author":{"gitId":"-"},"content":"","isFullCredit":false},{"lineNumber":69,"author":{"gitId":"-"},"content":"## Past Members","isFullCredit":false},{"lineNumber":70,"author":{"gitId":"-"},"content":"","isFullCredit":false},{"lineNumber":71,"author":{"gitId":"-"},"content":"### [Wang Chao](https://github.com/fzdy1914)","isFullCredit":false},{"lineNumber":72,"author":{"gitId":"-"},"content":"![](https://avatars3.githubusercontent.com/u/35621726?s\u003d150\u0026v\u003d4)\u003cbr/\u003e","isFullCredit":false},{"lineNumber":73,"author":{"gitId":"-"},"content":"**Role**: Project Lead [2021 Jan - 2021 Dec]\u003cbr/\u003e","isFullCredit":false},{"lineNumber":74,"author":{"gitId":"jamessspanggg"},"content":"Maintainer [2020 May - 2021 Jan]\u003cbr/\u003e","isFullCredit":false},{"lineNumber":75,"author":{"gitId":"-"},"content":"","isFullCredit":false},{"lineNumber":76,"author":{"gitId":"-"},"content":"\u003c!-- ------------------------------------------------------------------------------------------------------ --\u003e","isFullCredit":false},{"lineNumber":77,"author":{"gitId":"-"},"content":"","isFullCredit":false},{"lineNumber":78,"author":{"gitId":"-"},"content":"### [Hsu Zhong Jun](https://github.com/dcshzj)","isFullCredit":false},{"lineNumber":79,"author":{"gitId":"-"},"content":"![](https://avatars.githubusercontent.com/u/27919917?s\u003d150\u0026v\u003d4)\u003cbr/\u003e","isFullCredit":false},{"lineNumber":80,"author":{"gitId":"-"},"content":"**Role**: Project Lead [2022 Jan - 2022 Dec]\u003cbr/\u003e","isFullCredit":false},{"lineNumber":81,"author":{"gitId":"-"},"content":"Committer [2021 June - 2021 Dec]\u003cbr/\u003e","isFullCredit":false},{"lineNumber":82,"author":{"gitId":"-"},"content":"","isFullCredit":false},{"lineNumber":83,"author":{"gitId":"-"},"content":"\u003c!-- ------------------------------------------------------------------------------------------------------ --\u003e","isFullCredit":false},{"lineNumber":84,"author":{"gitId":"-"},"content":"","isFullCredit":false},{"lineNumber":85,"author":{"gitId":"-"},"content":"### [Chan Ger Hean](https://github.com/gerhean)","isFullCredit":false},{"lineNumber":86,"author":{"gitId":"-"},"content":"**Role**: Committer [2022 Jan - 2022 Dec]\u003cbr/\u003e","isFullCredit":false},{"lineNumber":87,"author":{"gitId":"-"},"content":"","isFullCredit":false},{"lineNumber":88,"author":{"gitId":"-"},"content":"\u003c!-- ------------------------------------------------------------------------------------------------------ --\u003e","isFullCredit":false},{"lineNumber":89,"author":{"gitId":"-"},"content":"","isFullCredit":false},{"lineNumber":90,"author":{"gitId":"-"},"content":"### [Huang Chengyu](https://github.com/HCY123902)","isFullCredit":false},{"lineNumber":91,"author":{"gitId":"-"},"content":"**Role**: Project Co-Lead [2023 Jan - 2023 Apr]\u003cbr/\u003e","isFullCredit":false},{"lineNumber":92,"author":{"gitId":"-"},"content":"Senior Dev [2023 Jan - 2023 Apr]\u003cbr/\u003e","isFullCredit":false},{"lineNumber":93,"author":{"gitId":"-"},"content":"Committer [2022 Jan - 2022 Dec]\u003cbr/\u003e","isFullCredit":false},{"lineNumber":94,"author":{"gitId":"-"},"content":"Contributor [2021 July - 2021 Dec]\u003cbr/\u003e","isFullCredit":false},{"lineNumber":95,"author":{"gitId":"-"},"content":"","isFullCredit":false},{"lineNumber":96,"author":{"gitId":"-"},"content":"\u003c!-- ------------------------------------------------------------------------------------------------------ --\u003e","isFullCredit":false},{"lineNumber":97,"author":{"gitId":"-"},"content":"","isFullCredit":false},{"lineNumber":98,"author":{"gitId":"-"},"content":"### [Chan Jun Da](https://github.com/chan-j-d)","isFullCredit":false},{"lineNumber":99,"author":{"gitId":"-"},"content":"**Role**: Project Co-Lead [2023 Apr- 2023 Dec]\u003cbr/\u003e","isFullCredit":false},{"lineNumber":100,"author":{"gitId":"-"},"content":"Senior Dev [2023 Jan - 2023 Apr]\u003cbr/\u003e","isFullCredit":false},{"lineNumber":101,"author":{"gitId":"-"},"content":"Committer [2022 Jan - 2022 Dec]\u003cbr/\u003e","isFullCredit":false},{"lineNumber":102,"author":{"gitId":"-"},"content":"Contributor [2021 July - 2021 Dec]\u003cbr/\u003e","isFullCredit":false},{"lineNumber":103,"author":{"gitId":"-"},"content":"","isFullCredit":false},{"lineNumber":104,"author":{"gitId":"-"},"content":"\u003c!-- ------------------------------------------------------------------------------------------------------ --\u003e","isFullCredit":false},{"lineNumber":105,"author":{"gitId":"-"},"content":"","isFullCredit":false},{"lineNumber":106,"author":{"gitId":"-"},"content":"### [Tay Yi Hsuen](https://github.com/yhtMinceraft1010X)","isFullCredit":false},{"lineNumber":107,"author":{"gitId":"-"},"content":"**Role**: Senior Dev [2023 Jan - 2023 Apr]\u003cbr/\u003e","isFullCredit":false},{"lineNumber":108,"author":{"gitId":"-"},"content":"Committer [2022 Jan - 2022 Dec]\u003cbr/\u003e","isFullCredit":false},{"lineNumber":109,"author":{"gitId":"-"},"content":"Contributor [2021 July - 2021 Dec]\u003cbr/\u003e","isFullCredit":false},{"lineNumber":110,"author":{"gitId":"-"},"content":"","isFullCredit":false},{"lineNumber":111,"author":{"gitId":"jamessspanggg"},"content":"\u003c!-- ------------------------------------------------------------------------------------------------------ --\u003e","isFullCredit":false},{"lineNumber":112,"author":{"gitId":"jamessspanggg"},"content":"","isFullCredit":false},{"lineNumber":113,"author":{"gitId":"-"},"content":"### [Zhou Jiahao](https://github.com/zhoukerrr)","isFullCredit":false},{"lineNumber":114,"author":{"gitId":"-"},"content":"**Role**: Senior Dev [2023 Jan - 2023 Apr]\u003cbr/\u003e","isFullCredit":false},{"lineNumber":115,"author":{"gitId":"-"},"content":"Committer [2022 Jan - 2022 Dec]\u003cbr/\u003e","isFullCredit":false},{"lineNumber":116,"author":{"gitId":"-"},"content":"Contributor [2021 July - 2021 Dec]\u003cbr/\u003e","isFullCredit":false},{"lineNumber":117,"author":{"gitId":"jamessspanggg"},"content":"","isFullCredit":false},{"lineNumber":118,"author":{"gitId":"jamessspanggg"},"content":"\u003c!-- ------------------------------------------------------------------------------------------------------ --\u003e","isFullCredit":false},{"lineNumber":119,"author":{"gitId":"-"},"content":"","isFullCredit":false},{"lineNumber":120,"author":{"gitId":"-"},"content":"### [Ma Tanghao](https://github.com/harryggg)","isFullCredit":false},{"lineNumber":121,"author":{"gitId":"-"},"content":"Main developer for the initial version [2017 May - 2018 May]","isFullCredit":false},{"lineNumber":122,"author":{"gitId":"-"},"content":"","isFullCredit":false},{"lineNumber":123,"author":{"gitId":"-"},"content":"\u003c!-- ------------------------------------------------------------------------------------------------------ --\u003e","isFullCredit":false},{"lineNumber":124,"author":{"gitId":"-"},"content":"","isFullCredit":false},{"lineNumber":125,"author":{"gitId":"-"},"content":"### [Ong Shu Peng](https://github.com/ongspxm)","isFullCredit":false},{"lineNumber":126,"author":{"gitId":"-"},"content":"![](https://avatars0.githubusercontent.com/u/1430854?s\u003d150\u0026v\u003d4)\u003cbr/\u003e","isFullCredit":false},{"lineNumber":127,"author":{"gitId":"-"},"content":"**Role**: Area Lead for UI [2018 Dec - 2019 May]\u003cbr/\u003e","isFullCredit":false},{"lineNumber":128,"author":{"gitId":"-"},"content":"Committer [2018 Aug - 2018 Dec]\u003cbr/\u003e","isFullCredit":false},{"lineNumber":129,"author":{"gitId":"-"},"content":"Contributor [2018 May - 2018 Aug]\u003cbr/\u003e","isFullCredit":false},{"lineNumber":130,"author":{"gitId":"-"},"content":"","isFullCredit":false},{"lineNumber":131,"author":{"gitId":"-"},"content":"\u003c!-- ------------------------------------------------------------------------------------------------------ --\u003e","isFullCredit":false},{"lineNumber":132,"author":{"gitId":"-"},"content":"","isFullCredit":false},{"lineNumber":133,"author":{"gitId":"-"},"content":"### [Tan Jun An](https://github.com/yamidark)","isFullCredit":false},{"lineNumber":134,"author":{"gitId":"-"},"content":"![](https://avatars3.githubusercontent.com/u/18352498?s\u003d150\u0026v\u003d4)\u003cbr/\u003e","isFullCredit":false},{"lineNumber":135,"author":{"gitId":"-"},"content":"**Role**: Area Lead for Code Quality [2018 Aug - 2019 April]\u003cbr/\u003e","isFullCredit":false},{"lineNumber":136,"author":{"gitId":"-"},"content":"Committer [2018 May - 2018 Aug]\u003cbr/\u003e","isFullCredit":false},{"lineNumber":137,"author":{"gitId":"-"},"content":"","isFullCredit":false},{"lineNumber":138,"author":{"gitId":"-"},"content":"\u003c!-- ------------------------------------------------------------------------------------------------------ --\u003e","isFullCredit":false},{"lineNumber":139,"author":{"gitId":"-"},"content":"","isFullCredit":false},{"lineNumber":140,"author":{"gitId":"jamessspanggg"},"content":"### [Teng Yong Hao](https://github.com/yong24s)","isFullCredit":false},{"lineNumber":141,"author":{"gitId":"jamessspanggg"},"content":"![](https://avatars2.githubusercontent.com/u/2003406?s\u003d150\u0026v\u003d4)\u003cbr/\u003e","isFullCredit":false},{"lineNumber":142,"author":{"gitId":"jamessspanggg"},"content":"**Role**:","isFullCredit":false},{"lineNumber":143,"author":{"gitId":"jamessspanggg"},"content":"Mentor [2018 Dec - 2020 May]\u003cbr/\u003e","isFullCredit":false},{"lineNumber":144,"author":{"gitId":"jamessspanggg"},"content":"Committer [2018 Aug - 2018 Dec]\u003cbr/\u003e","isFullCredit":false},{"lineNumber":145,"author":{"gitId":"jamessspanggg"},"content":"Contributor [2018 May - 2018 Aug]\u003cbr/\u003e","isFullCredit":false},{"lineNumber":146,"author":{"gitId":"jamessspanggg"},"content":"","isFullCredit":false},{"lineNumber":147,"author":{"gitId":"jamessspanggg"},"content":"\u003c!-- ------------------------------------------------------------------------------------------------------ --\u003e","isFullCredit":false},{"lineNumber":148,"author":{"gitId":"jamessspanggg"},"content":"","isFullCredit":false},{"lineNumber":149,"author":{"gitId":"-"},"content":"### [Peh Xian Bin, Eugene](https://github.com/eugenepeh)","isFullCredit":false},{"lineNumber":150,"author":{"gitId":"-"},"content":"![](https://avatars.githubusercontent.com/u/19277206?s\u003d150\u0026v\u003d4)\u003cbr/\u003e","isFullCredit":false},{"lineNumber":151,"author":{"gitId":"-"},"content":"**Role**: Maintainer [2020 May - 2021 Jan]\u003cbr/\u003e","isFullCredit":false},{"lineNumber":152,"author":{"gitId":"-"},"content":"Project Lead [2018 May - 2020 May]\u003cbr/\u003e","isFullCredit":false},{"lineNumber":153,"author":{"gitId":"-"},"content":"","isFullCredit":false},{"lineNumber":154,"author":{"gitId":"-"},"content":"\u003c!-- ------------------------------------------------------------------------------------------------------ --\u003e","isFullCredit":false},{"lineNumber":155,"author":{"gitId":"-"},"content":"","isFullCredit":false},{"lineNumber":156,"author":{"gitId":"-"},"content":"### [Aditya Agarwal](https://github.com/adityaa1998)","isFullCredit":false},{"lineNumber":157,"author":{"gitId":"-"},"content":"Contributor [2018 May - 2018 Aug]","isFullCredit":false},{"lineNumber":158,"author":{"gitId":"-"},"content":"","isFullCredit":false},{"lineNumber":159,"author":{"gitId":"-"},"content":"\u003c!-- ------------------------------------------------------------------------------------------------------ --\u003e","isFullCredit":false},{"lineNumber":160,"author":{"gitId":"-"},"content":"","isFullCredit":false},{"lineNumber":161,"author":{"gitId":"-"},"content":"### [Apoorva Ullas](https://github.com/apoorva17)","isFullCredit":false},{"lineNumber":162,"author":{"gitId":"-"},"content":"Contributor [2018 Aug - 2019 May]","isFullCredit":false},{"lineNumber":163,"author":{"gitId":"-"},"content":"","isFullCredit":false},{"lineNumber":164,"author":{"gitId":"-"},"content":"\u003c!-- ------------------------------------------------------------------------------------------------------ --\u003e","isFullCredit":false},{"lineNumber":165,"author":{"gitId":"-"},"content":"","isFullCredit":false},{"lineNumber":166,"author":{"gitId":"-"},"content":"### [Chelsey Ong Hee](https://github.com/chel-seyy)","isFullCredit":false},{"lineNumber":167,"author":{"gitId":"-"},"content":"Contributor [2018 Dec - 2019 May]","isFullCredit":false},{"lineNumber":168,"author":{"gitId":"-"},"content":"","isFullCredit":false},{"lineNumber":169,"author":{"gitId":"-"},"content":"\u003c!-- ------------------------------------------------------------------------------------------------------ --\u003e","isFullCredit":false},{"lineNumber":170,"author":{"gitId":"-"},"content":"","isFullCredit":false},{"lineNumber":171,"author":{"gitId":"-"},"content":"### [Gilbert Emerson](https://github.com/emer7)","isFullCredit":false},{"lineNumber":172,"author":{"gitId":"-"},"content":"Contributor [2018 Dec - 2019 May]","isFullCredit":false},{"lineNumber":173,"author":{"gitId":"-"},"content":"","isFullCredit":false},{"lineNumber":174,"author":{"gitId":"-"},"content":"\u003c!-- ------------------------------------------------------------------------------------------------------ --\u003e","isFullCredit":false},{"lineNumber":175,"author":{"gitId":"-"},"content":"","isFullCredit":false},{"lineNumber":176,"author":{"gitId":"-"},"content":"### [Teo Ming Yi](https://github.com/myteo)","isFullCredit":false},{"lineNumber":177,"author":{"gitId":"-"},"content":"Contributor [2018 Dec - 2019 May]","isFullCredit":false},{"lineNumber":178,"author":{"gitId":"-"},"content":"","isFullCredit":false},{"lineNumber":179,"author":{"gitId":"-"},"content":"\u003c!-- ------------------------------------------------------------------------------------------------------ --\u003e","isFullCredit":false},{"lineNumber":180,"author":{"gitId":"-"},"content":"","isFullCredit":false},{"lineNumber":181,"author":{"gitId":"-"},"content":"### [Jin Minjia](https://github.com/bluein-green)","isFullCredit":false},{"lineNumber":182,"author":{"gitId":"-"},"content":"**Role**: Contributor [2019 May - 2019 Aug]\u003cbr/\u003e","isFullCredit":false},{"lineNumber":183,"author":{"gitId":"jamessspanggg"},"content":"","isFullCredit":false},{"lineNumber":184,"author":{"gitId":"jamessspanggg"},"content":"\u003c!-- ------------------------------------------------------------------------------------------------------ --\u003e","isFullCredit":false},{"lineNumber":185,"author":{"gitId":"jamessspanggg"},"content":"","isFullCredit":false},{"lineNumber":186,"author":{"gitId":"-"},"content":"### [James Pang Mun Wai](https://github.com/jamessspanggg)","isFullCredit":false},{"lineNumber":187,"author":{"gitId":"-"},"content":"![](https://avatars1.githubusercontent.com/u/32864116?s\u003d150\u0026v\u003d4)\u003cbr/\u003e","isFullCredit":false},{"lineNumber":188,"author":{"gitId":"-"},"content":"**Role**: Committer [2020 May - 2021 Jan]\u003cbr/\u003e","isFullCredit":false},{"lineNumber":189,"author":{"gitId":"-"},"content":"Contributor [2019 May - 2020 May]\u003cbr/\u003e","isFullCredit":false},{"lineNumber":190,"author":{"gitId":"-"},"content":"","isFullCredit":false},{"lineNumber":191,"author":{"gitId":"-"},"content":"\u003c!-- ------------------------------------------------------------------------------------------------------ --\u003e","isFullCredit":false},{"lineNumber":192,"author":{"gitId":"-"},"content":"","isFullCredit":false},{"lineNumber":193,"author":{"gitId":"-"},"content":"### [Lee Jin Yao](https://github.com/jinyao-lee)","isFullCredit":false},{"lineNumber":194,"author":{"gitId":"jamessspanggg"},"content":"![](https://avatars3.githubusercontent.com/u/35756209?s\u003d150\u0026v\u003d4)\u003cbr/\u003e","isFullCredit":false},{"lineNumber":195,"author":{"gitId":"jamessspanggg"},"content":"**Role**: Contributor [2019 May - 2020 May]\u003cbr/\u003e","isFullCredit":false},{"lineNumber":196,"author":{"gitId":"jamessspanggg"},"content":"","isFullCredit":false},{"lineNumber":197,"author":{"gitId":"jamessspanggg"},"content":"\u003c!-- ------------------------------------------------------------------------------------------------------ --\u003e","isFullCredit":false},{"lineNumber":198,"author":{"gitId":"jamessspanggg"},"content":"","isFullCredit":false},{"lineNumber":199,"author":{"gitId":"jamessspanggg"},"content":"### [Chong Chee Yuan](https://github.com/ccyccyccy)","isFullCredit":false},{"lineNumber":200,"author":{"gitId":"jamessspanggg"},"content":"**Role**: Contributor [2020 January - 2020 May]\u003cbr/\u003e","isFullCredit":false},{"lineNumber":201,"author":{"gitId":"jamessspanggg"},"content":"","isFullCredit":false},{"lineNumber":202,"author":{"gitId":"jamessspanggg"},"content":"\u003c!-- ------------------------------------------------------------------------------------------------------ --\u003e","isFullCredit":false},{"lineNumber":203,"author":{"gitId":"jamessspanggg"},"content":"","isFullCredit":false},{"lineNumber":204,"author":{"gitId":"jamessspanggg"},"content":"### [Ni Tianzhen](https://github.com/niqiukun)","isFullCredit":false},{"lineNumber":205,"author":{"gitId":"jamessspanggg"},"content":"**Role**: Contributor [2020 January - 2020 May]\u003cbr/\u003e","isFullCredit":false},{"lineNumber":206,"author":{"gitId":"jamessspanggg"},"content":"","isFullCredit":false},{"lineNumber":207,"author":{"gitId":"jamessspanggg"},"content":"\u003c!-- ------------------------------------------------------------------------------------------------------ --\u003e","isFullCredit":false},{"lineNumber":208,"author":{"gitId":"jamessspanggg"},"content":"","isFullCredit":false},{"lineNumber":209,"author":{"gitId":"jamessspanggg"},"content":"### [Yash Chowdhary](https://github.com/yash-chowdhary)","isFullCredit":false},{"lineNumber":210,"author":{"gitId":"jamessspanggg"},"content":"![](https://avatars2.githubusercontent.com/u/21968718?s\u003d150\u0026v\u003d4)\u003cbr/\u003e","isFullCredit":false},{"lineNumber":211,"author":{"gitId":"jamessspanggg"},"content":"**Role**: Contributor [2020 January - 2020 May]\u003cbr/\u003e","isFullCredit":false},{"lineNumber":212,"author":{"gitId":"-"},"content":"","isFullCredit":false},{"lineNumber":213,"author":{"gitId":"-"},"content":"\u003c!-- ------------------------------------------------------------------------------------------------------ --\u003e","isFullCredit":false},{"lineNumber":214,"author":{"gitId":"-"},"content":"","isFullCredit":false},{"lineNumber":215,"author":{"gitId":"-"},"content":"### [Liu Yiwen](https://github.com/0blivious)","isFullCredit":false},{"lineNumber":216,"author":{"gitId":"-"},"content":"**Role**: Contributor [2019 August - 2021 May]\u003cbr/\u003e","isFullCredit":false},{"lineNumber":217,"author":{"gitId":"-"},"content":"","isFullCredit":false},{"lineNumber":218,"author":{"gitId":"-"},"content":"\u003c!-- ------------------------------------------------------------------------------------------------------ --\u003e","isFullCredit":false},{"lineNumber":219,"author":{"gitId":"-"},"content":"","isFullCredit":false},{"lineNumber":220,"author":{"gitId":"-"},"content":"### [Tejas Bhuwania](https://github.com/Tejas2805)","isFullCredit":false},{"lineNumber":221,"author":{"gitId":"-"},"content":"![](https://avatars2.githubusercontent.com/u/35946746?s\u003d150\u0026v\u003d4)\u003cbr/\u003e","isFullCredit":false},{"lineNumber":222,"author":{"gitId":"-"},"content":"**Role**: Contributor [2019 August - 2021 August]\u003cbr/\u003e","isFullCredit":false},{"lineNumber":223,"author":{"gitId":"-"},"content":"","isFullCredit":false},{"lineNumber":224,"author":{"gitId":"-"},"content":"\u003c!-- ------------------------------------------------------------------------------------------------------ --\u003e","isFullCredit":false},{"lineNumber":225,"author":{"gitId":"-"},"content":"","isFullCredit":false},{"lineNumber":226,"author":{"gitId":"-"},"content":"### [Anubhav](https://github.com/anubh-v)","isFullCredit":false},{"lineNumber":227,"author":{"gitId":"-"},"content":"**Role**: Contributor [2019 September - 2020 August]\u003cbr/\u003e","isFullCredit":false},{"lineNumber":228,"author":{"gitId":"-"},"content":"","isFullCredit":false},{"lineNumber":229,"author":{"gitId":"-"},"content":"\u003c!-- ------------------------------------------------------------------------------------------------------ --\u003e","isFullCredit":false},{"lineNumber":230,"author":{"gitId":"-"},"content":"","isFullCredit":false},{"lineNumber":231,"author":{"gitId":"-"},"content":"### [Ang Ze Yu](https://github.com/ang-zeyu)","isFullCredit":false},{"lineNumber":232,"author":{"gitId":"-"},"content":"**Role**: Contributor [2020 January - 2021 May]\u003cbr/\u003e","isFullCredit":false},{"lineNumber":233,"author":{"gitId":"-"},"content":"","isFullCredit":false},{"lineNumber":234,"author":{"gitId":"-"},"content":"\u003c!-- ------------------------------------------------------------------------------------------------------ --\u003e","isFullCredit":false},{"lineNumber":235,"author":{"gitId":"-"},"content":"","isFullCredit":false},{"lineNumber":236,"author":{"gitId":"-"},"content":"### [Roland Yu Wenyang](https://github.com/rolandyuwy)","isFullCredit":false},{"lineNumber":237,"author":{"gitId":"-"},"content":"**Role**: Contributor [2021 January - 2021 March]\u003cbr/\u003e","isFullCredit":false},{"lineNumber":238,"author":{"gitId":"-"},"content":"","isFullCredit":false}],"authorContributionMap":{"jamessspanggg":35,"-":203}}]
