{"authorDailyContributionsMap":{"ckcherry23":[{"date":"2023-01-20","commitResults":[{"hash":"af7a05d7153e57660ac86dd90b86f9a4b4f81fd3","isMergeCommit":false,"messageTitle":"[#1499] Declare vue prop types explicitly (#1852)","messageBody":"In the current version of RepoSense, props are declared explicitly for\r\nVue components as an array of strings. \r\n\r\nLet\u0027s declare props using the object syntax so that we can document the\r\nprop types.\r\n\r\nThis will also show a warning in the browser console if props of the\r\nwrong type are passed to the component. \r\n\r\nLet\u0027s also define classes for `Segment` and `User` for stricter type \r\nvalidation.","fileTypesAndContributionMap":{"vue":{"insertions":135,"deletions":13},"js":{"insertions":4,"deletions":1},"ts":{"insertions":50,"deletions":0}}}]},{"date":"2023-02-13","commitResults":[{"hash":"bae660c0c237bb52644bd3cb30b5ff8c40fda42a","isMergeCommit":false,"messageTitle":"[#1042] Include deletions in contributions (#1883)","messageBody":"Currently, the ramp chart only reflects number of insertions. Hence, \r\ncommits that only delete code are omitted from the ramp chart.\r\n\r\nLet us modify the ramp chart to include thin ramps to represent commits\r\nthat only delete code. Let us also include the number of lines deleted\r\nwhen displaying lines changed on the Ramp Chart tooltip and on the\r\nCommits Panel.","fileTypesAndContributionMap":{"vue":{"insertions":33,"deletions":11}}}]},{"date":"2023-02-28","commitResults":[{"hash":"af6ebc91057005583ce0cabecfae725c6fe7a9ad","isMergeCommit":false,"messageTitle":"[#1865] Frontend: pin file title on scroll in the Code Panel (#1860)","messageBody":"Currently, users cannot hide/collapse a file after they finish reading\r\nthrough it, without scrolling back to the top again.\r\n\r\nLet us pin the title of the file (which includes the collapse button) so\r\nthat the user can collapse a file when/after reading through it instead\r\nof only on the top. Let us also position the tooltips to show/hide a\r\nfile dynamically based on whether they are out of the viewport.","fileTypesAndContributionMap":{"scss":{"insertions":36,"deletions":7},"vue":{"insertions":46,"deletions":6},"js":{"insertions":51,"deletions":0},"ts":{"insertions":1,"deletions":0}}}]},{"date":"2023-03-07","commitResults":[{"hash":"d9b1f7b4204e309971b50203b44872bfe6ed65d0","isMergeCommit":false,"messageTitle":"[#1877] Show merge commits in the report (#1882)","messageBody":"Currently, merge commits are completely ignored during report generation\r\nand analysis. This misrepresents the number of commits the user has made\r\nand misses out on important information included in the merge commits,\r\nsuch as tags.\r\n\r\nLet\u0027s include merge commits in the report so that important information\r\nin such commits is not missed out.","fileTypesAndContributionMap":{"java":{"insertions":62,"deletions":32},"md":{"insertions":46,"deletions":46},"vue":{"insertions":32,"deletions":8},"js":{"insertions":75,"deletions":9},"json":{"insertions":23,"deletions":23},"ts":{"insertions":1,"deletions":0}}}]},{"date":"2023-03-12","commitResults":[{"hash":"f4429b9e8da69fb9184df4381eab5c87010eafff","isMergeCommit":false,"messageTitle":"[#1934] Fix wrong author name for merged groups in Commits Panel (#1935)","messageBody":"Currently, the Commits Panel shows the wrong author name for merged\r\ngroups, as it just picks the first author in the group. This is\r\nmisrepresentative of the work of all authors who have contributed to\r\nthe commits shown.\r\n\r\nThis bug has occurred due to a typo in the code, where one of the\r\ninstances of \u0027zIsMerge\u0027 was not renamed to `zIsMerged` as required.\r\n\r\nLet us fix this typo so that the dashboard works as expected.","fileTypesAndContributionMap":{"vue":{"insertions":1,"deletions":1}}}]},{"date":"2023-03-19","commitResults":[{"hash":"086664cf208bff9ebb0b3595220649e18c8bdae6","isMergeCommit":false,"messageTitle":"[#1220] Cypress: test ramp chart in zoom view (#1930)","messageBody":"Currently, there are very few tests for the ramp chart component of \r\nRepoSense. One aspect that is not tested is whether the ramps shown in \r\nthe ramp chart are correct for the timeframe provided.\r\n\r\nLet us make our front-end tests more robust by adding cypress tests to \r\ncheck whether the ramps shown in the ramp chart of the zoom view \r\ncorrespond with the commits from the selected time period. Let us also\r\ntest other aspects of the ramp chart like ramp properties, relative \r\ndistances between ramps and links.","fileTypesAndContributionMap":{"js":{"insertions":293,"deletions":0}}}]},{"date":"2023-03-27","commitResults":[{"hash":"450ec45625c28a156774497d054eba215e51dd7d","isMergeCommit":false,"messageTitle":"[#1872] Update Node version to 16 (#1956)","messageBody":"Node.js 14 will be reaching its end-of-life on 30 April 2023.\r\n\r\nLet us update Node.js to use Node 16 in the GitHub workflows.","fileTypesAndContributionMap":{"md":{"insertions":1,"deletions":1},"yml":{"insertions":3,"deletions":3},"json":{"insertions":16798,"deletions":37}}}]},{"date":"2023-03-30","commitResults":[{"hash":"8f2241733ae9f254baf50c34f88b71c55171aca4","isMergeCommit":false,"messageTitle":"[#1537] Show authors for merged groups in Code Panel (#1939)","messageBody":"Currently, when the \"merge group\" option is used for repos with multiple\r\nauthors, the Code Panel does not show which line of code was written by\r\nwhich author.\r\n\r\nLet us use different colors for the code segment backgrounds to indicate\r\nwho the author of the segment is. Let us also add an author legend for\r\neach file to easily see who edited that particular file, and identify\r\nwhich lines of code were written by whom.","fileTypesAndContributionMap":{"md":{"insertions":3,"deletions":2},"vue":{"insertions":78,"deletions":12},"js":{"insertions":235,"deletions":0},"ts":{"insertions":8,"deletions":3}}}]},{"date":"2023-04-10","commitResults":[{"hash":"0abc0d2e109bcf9ee4051537838a7f0141cce1c1","isMergeCommit":false,"messageTitle":"[#1963] Migrate c-zoom.vue to TypeScript (#1965)","messageBody":"Currently, despite the addition of TypeScript support, the frontend is\r\nstill largely written in JavaScript. This results in a lack of type\r\nsafety and many complex objects being passed around as unknown types,\r\nwhich may in turn lead to errors.\r\n\r\nLet\u0027s migrate one of the main components, c-zoom.vue, to TypeScript.\r\nIn addition to providing greater type safety, the migration of this\r\ncomponent will also allow the migration of its child components, such\r\nas c-ramp.vue.","fileTypesAndContributionMap":{"vue":{"insertions":57,"deletions":37},"js":{"insertions":4,"deletions":4},"ts":{"insertions":16,"deletions":4}}}]},{"date":"2023-04-16","commitResults":[{"hash":"7a58117a78c2432cea116871a7ce5c37abe6409c","isMergeCommit":false,"messageTitle":"[#1004] Standardize fonts for consistency across panels (#1979)","messageBody":"There are inconsistencies in the design between the different panels. \r\nOne aspect that varies is the fonts used in terms of the font sizes and \r\nfamilies. \r\n\r\nLet us standardize the font sizes across the Vue front-end using mixins.\r\nLet us also set the font family for sans-serif to be Titillium Web and\r\nmonospace to be GitHub\u0027s default font.","fileTypesAndContributionMap":{"scss":{"insertions":30,"deletions":7},"vue":{"insertions":23,"deletions":14}}}]},{"date":"2023-05-05","commitResults":[{"hash":"50dd4ab4a0e58cc0365b069b9f2a8e2f2106bcdd","isMergeCommit":false,"messageTitle":"[#1996] Update frontend documentation (#1999)","messageBody":"The HTML report documentation is outdated after changes introduced in\r\nrecent PRs. This will make it difficult for new contributors to\r\nunderstand the frontend codebase.\r\n\r\nLet us update the documentation and puml diagrams to match the new files\r\nand architecture. Let us also comment out the links used as examples to\r\navoid broken links. ","fileTypesAndContributionMap":{"puml":{"insertions":21,"deletions":16},"md":{"insertions":40,"deletions":39}}}]},{"date":"2024-02-21","commitResults":[{"hash":"6b31128ab47b4bda95b977e9b63248c6749da80a","isMergeCommit":false,"messageTitle":"[#2134] Fix broken code highlighting in Code Panel (#2135)","messageBody":"The code highlighting is not working as the colors are not being\r\nrecognized by the newly extracted c-segment.vue file. This is because\r\nthe defined colors were not imported into the file.  \r\n\r\nLet us add the color styles import to restore code highlighting\r\nfunctionality.","fileTypesAndContributionMap":{"vue":{"insertions":1,"deletions":0}}}]},{"date":"2024-03-20","commitResults":[{"hash":"cc0651f0e3a508d3ce2501e129f37a8f3f89d71d","isMergeCommit":false,"messageTitle":"[#2164] Revert \"[#2109] Add search by tag functionality\" (#2165)","messageBody":"Reverts PR #2116 to fix single group bug\r\n\r\nMerging PR #2116 has caused all analysed charts to appear in a single group. \r\n\r\nLet us revert that merge commit as a hotfix to restore the original behaviour\r\nwhile we investigate a solution. ","fileTypesAndContributionMap":{"md":{"insertions":0,"deletions":1},"vue":{"insertions":16,"deletions":49},"js":{"insertions":4,"deletions":115}}}]},{"date":"2024-05-14","commitResults":[{"hash":"170e951ede80100b66a7ef8ce1794d350dc26c7d","isMergeCommit":false,"messageTitle":"Revert to Vue CLI to fix GitHub Pages Deployment (#2203)","messageBody":"Revert to Vue CLI to fix GitHub Pages Deployment\n\nAlthough Vite boasts better performance and is maintained actively,\nits usage for GitHub Pages deployment requires specifying the base of the\ndeployment URL in the config. This makes it inconvenient as all existing\ndeployment dashboards must update the base respective to their URLs.  \n\nLet\u0027s revert to Vue CLI temporarily to fix this.","fileTypesAndContributionMap":{"gitignore":{"insertions":0,"deletions":2},"md":{"insertions":1,"deletions":7},"json":{"insertions":11188,"deletions":3987},"js":{"insertions":46,"deletions":1},"html":{"insertions":3,"deletions":4},"mts":{"insertions":0,"deletions":27}}}]}]},"authorFileTypeContributionMap":{"ckcherry23":{"md":38,"puml":21,"json":12520,"js":679,"html":3,"vue":248,"ts":25,"scss":65,"java":56}},"authorContributionVariance":{"ckcherry23":506941.7},"authorDisplayNameMap":{"ckcherry23":"Jane Doe"}}
