{"authorDailyContributionsMap":{"ckcherry23":[{"date":"2024-01-14","commitResults":[{"hash":"09af14288683a44577af4ff91e25223b9235377b","isMergeCommit":false,"messageTitle":"Add alias formatDate for format function (#3653)","messageBody":"Added `format` alias `formatDate` with corresponding `FormatDateOptions` interface","fileTypesAndContributionMap":{"ts":{"insertions":13,"deletions":1}}}]}]},"authorFileTypeContributionMap":{"ckcherry23":{"ts":9}},"authorContributionVariance":{"ckcherry23":0.21826252},"authorDisplayNameMap":{"ckcherry23":"Jane Doe"}}
